,dst,rssi,src
0,Tc84b14,-53,Tc83b7c
1,Tc83b7c,-52,Tc84b14
2,Tc849e0,-53,T692a20
3,T692a20,-48,Tc849e0
4,T6929c0,-53,T0b479c
5,T0b479c,-54,T6929c0
6,Tc84bec,-53,T692eac
7,T692eac,-49,Tc84bec
8,Tc848b8,-51,T692eac
9,T692eac,-49,Tc848b8
10,Tc849e0,-55,Tc84b28
11,Tc84b28,-56,Tc849e0
12,T692a0c,-53,Tc84b28
13,Tc84b28,-56,T692a0c
14,Tc84a18,-52,Tc84060
15,Tc84060,-56,Tc84a18
16,T692a04,-54,T692f20
17,T692f20,-56,T692a04
18,Tc848ec,-49,T692f20
19,T692f20,-55,Tc848ec
20,Tc84a18,-50,T0b47c0
21,T0b47c0,-53,Tc84a18
22,Tc84060,-54,T692f20
23,T692f20,-55,Tc84060
24,Tc848b8,-53,Tc849fc
25,Tc849fc,-52,Tc848b8
26,Tc84b9c,-52,T0b479c
27,T0b479c,-52,Tc84b9c
28,Tc83f74,-54,T0b479c
29,T0b479c,-57,Tc83f74
30,Tc84bec,-52,Tc849fc
31,Tc849fc,-50,Tc84bec
32,Tc84b40,-50,T692f20
33,T692f20,-52,Tc84b40
34,Tc848b8,-54,Tc84a58
35,Tc84a58,-56,Tc848b8
36,Tc84bec,-53,Tc84a58
37,Tc84a58,-53,Tc84bec
38,Tc849e0,-52,T692f20
39,T692f20,-53,Tc849e0
40,Tc848b8,-54,Tc848ec
41,Tc848ec,-57,Tc848b8
42,Tc84b14,-49,T692880
43,T692880,-55,Tc84b14
44,Tc849fc,-50,T0b4764
45,T0b4764,-51,Tc849fc
46,Tc84a64,-50,T0b479c
47,T0b479c,-52,Tc84a64
48,Tc83f74,-54,T692a20
49,T692a20,-55,Tc83f74
50,T0b47c0,-52,T692eac
51,T692eac,-53,T0b47c0
52,Tc848b8,-54,Tc84b40
53,Tc84b40,-57,Tc848b8
54,Tc84b14,-53,T0b4764
55,T0b4764,-55,Tc84b14
56,Tc84a64,-53,Tc84b28
57,Tc84b28,-56,Tc84a64
58,Tc848ec,-51,T0b479c
59,T0b479c,-55,Tc848ec
60,Tc84a18,-55,Tc848b8
61,Tc848b8,-72,Tc84a18
62,Tc848b8,-51,T0b47c0
63,T0b47c0,-50,Tc848b8
64,Tc84bec,-51,T0b47c0
65,T0b47c0,-50,Tc84bec
66,T692a04,-56,T0b479c
67,T0b479c,-55,T692a04
68,Tc848b8,-50,Tc84060
69,Tc84060,-53,Tc848b8
70,Tc84a64,-54,T692a20
71,T692a20,-51,Tc84a64
72,Tc84bec,-51,Tc84060
73,Tc84060,-53,Tc84bec
74,Tc84a18,-50,T692eac
75,T692eac,-50,Tc84a18
76,T6929c0,-54,T692f20
77,T692f20,-55,T6929c0
78,Tc84b40,-51,T0b479c
79,T0b479c,-52,Tc84b40
80,Tc83f74,-55,T692f20
81,T692f20,-57,Tc83f74
82,Tc84b9c,-48,T692f20
83,T692f20,-52,Tc84b9c
84,Tc84a64,-51,T692f20
85,T692f20,-52,Tc84a64
86,Tc84a18,-54,Tc848ec
87,Tc848ec,-55,Tc84a18
88,Tc849e0,-52,T0b479c
89,T0b479c,-50,Tc849e0
90,Tc84a18,-51,Tc84a58
91,Tc84a58,-57,Tc84a18
92,Tc849fc,-53,Tc84ab8
93,Tc84ab8,-55,Tc849fc
94,Tc84b40,-51,T0b47c0
95,T0b47c0,-50,Tc84b40
96,Tc849e0,-55,Tc84b40
97,Tc84b40,-55,Tc849e0
98,T6929c0,-50,Tc84a18
99,Tc84a18,-54,T6929c0
100,Tc84ab8,-53,Tc83b7c
101,Tc83b7c,-53,Tc84ab8
102,Tc84b40,-51,Tc84060
103,Tc84060,-48,Tc84b40
104,T6929c0,-51,Tc849fc
105,Tc849fc,-54,T6929c0
106,Tc84028,-51,Tc83b7c
107,Tc83b7c,-50,Tc84028
108,Tc84b28,-48,T692880
109,T692880,-48,Tc84b28
110,Tc84b9c,-50,T692eac
111,T692eac,-52,Tc84b9c
112,T692a0c,-50,Tc84b40
113,Tc84b40,-55,T692a0c
114,T692880,-52,T0b4764
115,T0b4764,-56,T692880
116,T6929c0,-50,Tc84a58
117,Tc84a58,-52,T6929c0
118,T6929c0,-54,Tc848ec
119,Tc848ec,-56,T6929c0
120,Tc84ab8,-55,Tc849e0
121,Tc849e0,-56,Tc84ab8
122,Tc84a64,-52,T692eac
123,T692eac,-51,Tc84a64
124,Tc849e0,-54,T0b47c0
125,T0b47c0,-50,Tc849e0
126,Tc849e0,-51,Tc84060
127,Tc84060,-52,Tc849e0
128,Tc84a64,-53,Tc849fc
129,Tc849fc,-49,Tc84a64
130,Tc83f74,-52,Tc84a58
131,Tc84a58,-55,Tc83f74
132,Tc84b9c,-48,Tc84a58
133,Tc84a58,-52,Tc84b9c
134,Tc84b9c,-48,Tc849fc
135,Tc849fc,-54,Tc84b9c
136,Tc84bec,-50,T0b479c
137,T0b479c,-49,Tc84bec
138,Tc84a18,-50,T692f20
139,T692f20,-54,Tc84a18
140,T692a04,-51,Tc84060
141,Tc84060,-53,T692a04
142,Tc848b8,-51,T0b479c
143,T0b479c,-51,Tc848b8
144,Tc848ec,-49,T0b47c0
145,T0b47c0,-53,Tc848ec
146,T6929c0,-56,T692eac
147,T692eac,-58,T6929c0
148,T692a04,-72,T0b47c0
149,T0b47c0,-92,T692a04
150,Tc84ab8,-50,T692880
151,T692880,-54,Tc84ab8
152,Tc848ec,-52,Tc84060
153,Tc84060,-54,Tc848ec
154,Tc84028,-49,T692880
155,T692880,-52,Tc84028
156,Tc84a64,-55,Tc84a58
157,Tc84a58,-54,Tc84a64
158,Tc84b28,-51,Tc83b7c
159,Tc83b7c,-51,Tc84b28
160,T6929c0,-55,Tc848b8
161,Tc848b8,0,T6929c0
162,T0b4764,-53,T692eac
163,T692eac,-54,T0b4764
164,Tc84b40,-49,T692eac
165,T692eac,-52,Tc84b40
166,Tc84060,-52,T692f38
167,T692f38,-51,Tc84060
168,Tc84ab8,-48,T0b4764
169,T0b4764,-47,Tc84ab8
170,Tc84b9c,-50,T0b47c0
171,T0b47c0,-51,Tc84b9c
172,Tc84028,-50,T0b4764
173,T0b4764,-55,Tc84028
174,Tc84b9c,-52,Tc84060
175,Tc84060,-53,Tc84b9c
176,T692a04,-49,Tc849fc
177,Tc849fc,-55,T692a04
178,Tc849e0,-56,T692f38
179,T692f38,-54,Tc849e0
180,T692a04,-52,Tc84a58
181,Tc84a58,-51,T692a04
182,Tc848ec,-51,Tc84a58
183,Tc84a58,-55,Tc848ec
184,Tc84a64,-47,Tc84060
185,Tc84060,-48,Tc84a64
186,Tc849e0,-51,T692eac
187,T692eac,-53,Tc849e0
188,Tc84a64,-50,T0b47c0
189,T0b47c0,-48,Tc84a64
190,T692a0c,-51,T692f38
191,T692f38,-54,T692a0c
192,T0b47c0,-54,T0b479c
193,T0b479c,-56,T0b47c0
194,Tc849e0,-51,Tc849fc
195,Tc849fc,-49,Tc849e0
196,T0b479c,-52,T0b4764
197,T0b4764,-50,T0b479c
198,Tc84b40,-53,Tc84a58
199,Tc84a58,-55,Tc84b40
200,T6929c0,-54,Tc84b40
201,Tc84b40,-57,T6929c0
202,Tc84060,-54,Tc84a58
203,Tc84a58,-53,Tc84060
204,Tc84b40,-54,Tc848ec
205,Tc848ec,-55,Tc84b40
206,Tc84b40,-54,Tc84a18
207,Tc84a18,-54,Tc84b40
208,T6929c0,-53,T0b47c0
209,T0b47c0,-57,T6929c0
210,T692a0c,-53,Tc84a58
211,Tc84a58,-51,T692a0c
212,Tc848ec,-47,T692eac
213,T692eac,-49,Tc848ec
214,T6929c0,-53,Tc84060
215,Tc84060,-54,T6929c0
216,Tc84b40,-53,Tc849fc
217,Tc849fc,-53,Tc84b40
218,Tc848b8,-50,T692f20
219,T692f20,-54,Tc848b8
220,Tc84a18,-49,T0b479c
221,T0b479c,-52,Tc84a18
222,Tc84b28,-50,T0b4764
223,T0b4764,-56,Tc84b28
224,Tc84bec,-50,T692f20
225,T692f20,-47,Tc84bec
226,Tc849e0,-54,Tc84a58
227,Tc84a58,-53,Tc849e0
228,Tc84b14,-44,Tc84a58
229,Tc84a58,-50,Tc84b14
230,Tc84028,-52,T0b479c
231,T0b479c,-51,Tc84028
232,Tc84ab8,-54,T0b479c
233,T0b479c,-54,Tc84ab8
234,Tc848b8,-51,T692880
235,T692880,-52,Tc848b8
236,Tc84bec,-52,T692880
237,T692880,-50,Tc84bec
238,T692880,-51,T692f20
239,T692f20,-51,T692880
240,Tc849fc,-55,T0b47c0
241,T0b47c0,-57,Tc849fc
242,Tc84b14,-52,Tc849fc
243,Tc849fc,-53,Tc84b14
244,Tc848b8,-55,Tc849e0
245,Tc849e0,-57,Tc848b8
246,Tc84b14,-52,T692eac
247,T692eac,-52,Tc84b14
248,T0b47c0,-54,T0b4764
249,T0b4764,-51,T0b47c0
250,T692eac,-56,T692f20
251,T692f20,-52,T692eac
252,Tc84b28,-53,T0b479c
253,T0b479c,-54,Tc84b28
254,Tc84a18,-49,T0b4764
255,T0b4764,-50,Tc84a18
256,Tc84bec,-50,Tc83b7c
257,Tc83b7c,-47,Tc84bec
258,Tc848b8,-49,Tc83b7c
259,Tc83b7c,-51,Tc848b8
260,Tc848b8,-48,Tc84ab8
261,Tc84ab8,-56,Tc848b8
262,Tc84a18,-49,T692880
263,T692880,-51,Tc84a18
264,Tc84ab8,-52,T692f20
265,T692f20,-54,Tc84ab8
266,Tc84028,-49,T692f20
267,T692f20,-48,Tc84028
268,Tc849fc,-50,T692f38
269,T692f38,-52,Tc849fc
270,T692eac,-55,T0b479c
271,T0b479c,-56,T692eac
272,Tc849fc,-52,Tc84a18
273,Tc84a18,-52,Tc849fc
274,Tc84ab8,-54,T692a20
275,T692a20,-55,Tc84ab8
276,Tc84b14,-52,Tc84060
277,Tc84060,-54,Tc84b14
278,Tc84b14,-51,T0b47c0
279,T0b47c0,-55,Tc84b14
280,Tc84a18,-56,Tc849e0
281,Tc849e0,-55,Tc84a18
282,Tc84a18,-50,Tc83b7c
283,Tc83b7c,-52,Tc84a18
284,Tc84a18,-54,Tc84ab8
285,Tc84ab8,-56,Tc84a18
286,Tc849fc,-55,Tc84a58
287,Tc84a58,-54,Tc849fc
288,Tc849fc,-52,Tc848ec
289,Tc848ec,-54,Tc849fc
290,Tc848b8,-49,T0b4764
291,T0b4764,-53,Tc848b8
292,Tc84bec,-50,T0b4764
293,T0b4764,-54,Tc84bec
294,Tc84b28,-49,T692f20
295,T692f20,-54,Tc84b28
296,T6929c0,-54,Tc849e0
297,Tc849e0,-55,T6929c0
298,Tc84028,-49,Tc84a58
299,Tc84a58,-52,Tc84028
300,Tc84a64,-50,T692880
301,T692880,-53,Tc84a64
302,Tc84b14,-50,T0b479c
303,T0b479c,-55,Tc84b14
304,Tc84ab8,-48,Tc84a58
305,Tc84a58,-50,Tc84ab8
306,Tc84b28,-51,T692eac
307,T692eac,-50,Tc84b28
308,Tc84b9c,-48,T692880
309,T692880,-50,Tc84b9c
310,T692a04,-50,T0b4764
311,T0b4764,-53,T692a04
312,Tc84028,-54,Tc849fc
313,Tc849fc,-51,Tc84028
314,T6929c0,-50,Tc83b7c
315,Tc83b7c,-52,T6929c0
316,Tc848ec,-47,T0b4764
317,T0b4764,-47,Tc848ec
318,T6929c0,-52,Tc84ab8
319,Tc84ab8,-51,T6929c0
320,Tc84060,-54,T0b4764
321,T0b4764,-52,Tc84060
322,Tc84028,-50,T692eac
323,T692eac,-50,Tc84028
324,Tc84b9c,-49,Tc83b7c
325,Tc83b7c,-51,Tc84b9c
326,Tc84b28,-51,Tc849fc
327,Tc849fc,-50,Tc84b28
328,T6929c0,-52,T692880
329,T692880,-58,T6929c0
330,Tc84ab8,-49,T692eac
331,T692eac,-53,Tc84ab8
332,Tc84b40,-47,T0b4764
333,T0b4764,-54,Tc84b40
334,Tc84a64,-47,Tc83b7c
335,Tc83b7c,-50,Tc84a64
336,Tc849e0,-53,T0b4764
337,T0b4764,-51,Tc849e0
338,Tc84b28,-47,Tc84a58
339,Tc84a58,-50,Tc84b28
340,T692a0c,-54,T0b4764
341,T0b4764,-56,T692a0c
342,Tc849fc,-55,T692f20
343,T692f20,-55,Tc849fc
344,Tc849e0,-51,T692880
345,T692880,-50,Tc849e0
346,T692eac,-50,T692f38
347,T692f38,-49,T692eac
348,Tc84b14,-53,T692f20
349,T692f20,-54,Tc84b14
350,Tc84b28,-52,T0b47c0
351,T0b47c0,-54,Tc84b28
352,Tc84b28,-55,Tc84060
353,Tc84060,-53,Tc84b28
354,T692880,-50,Tc84a58
355,Tc84a58,-51,T692880
356,T692a04,-53,Tc83b7c
357,Tc83b7c,-52,T692a04
358,T6929c0,-51,T0b4764
359,T0b4764,-52,T6929c0
360,Tc848ec,-50,Tc83b7c
361,Tc83b7c,-53,Tc848ec
362,Tc848ec,-53,Tc84ab8
363,Tc84ab8,-57,Tc848ec
364,Tc84b40,-48,T692880
365,T692880,-51,Tc84b40
366,Tc84028,-49,Tc84060
367,Tc84060,-54,Tc84028
368,Tc84028,-53,T0b47c0
369,T0b47c0,-50,Tc84028
370,Tc84b9c,-51,T0b4764
371,T0b4764,-53,Tc84b9c
372,Tc83f74,-47,T0b4764
373,T0b4764,-55,Tc83f74
374,T692eac,-52,Tc84a58
375,Tc84a58,-53,T692eac
376,Tc84ab8,-54,T0b47c0
377,T0b47c0,-56,Tc84ab8
378,Tc84b14,-49,Tc84b28
379,Tc84b28,-54,Tc84b14
380,T692a04,-48,T692880
381,T692880,-53,T692a04
382,Tc84b14,-56,T692a20
383,T692a20,-56,Tc84b14
384,Tc84b40,-50,Tc83b7c
385,Tc83b7c,-53,Tc84b40
386,Tc84b40,-53,Tc84ab8
387,Tc84ab8,-56,Tc84b40
388,Tc848ec,-49,T692880
389,T692880,-52,Tc848ec
390,Tc84ab8,-53,Tc84060
391,Tc84060,-55,Tc84ab8
392,Tc84a64,-54,T0b4764
393,T0b4764,-54,Tc84a64
394,Tc849fc,-54,T0b479c
395,T0b479c,-55,Tc849fc
396,T692880,-51,T692f38
397,T692f38,-53,T692880
398,Tc849e0,-50,Tc83b7c
399,Tc83b7c,-52,Tc849e0
400,T692eac,-52,Tc849fc
401,Tc849fc,-56,T692eac
